{
    "$schema": "https://raw.githubusercontent.com/DotNetAnalyzers/StyleCopAnalyzers/master/StyleCop.Analyzers/StyleCop.Analyzers/Settings/stylecop.schema.json",
    "settings": {
        "indentation": {
            "useTabs": false,
            "indentationSize": 4
        },
        "documentationRules": {
            "documentExposedElements": true,
            "documentInternalElements": false,
            "documentPrivateElements": false,
            "documentInterfaces": true,
            "documentPrivateFields": false,
            "documentationCulture": "en-US",
            "companyName": "Chris Pulman",
            "copyrightText": "Copyright (c) {companyName}. All rights reserved.\nLicensed under the {licenseName} license. See {licenseFile} file in the project root for full license information.",
            "variables": {
                "licenseName": "MIT",
                "licenseFile": "LICENSE"
            },
            "xmlHeader": false
        },
        "layoutRules": {
            "newlineAtEndOfFile": "allow",
            "allowConsecutiveUsings": true
        },
        "maintainabilityRules": {
            "topLevelTypes": [
                "class",
                "interface",
                "struct",
                "enum",
                "delegate"
            ]
        },
        "orderingRules": {
            "usingDirectivesPlacement": "outsideNamespace",
            "systemUsingDirectivesFirst": true
        }
    }
}
